"","id","date","price","bedrooms","bathrooms","sqft_living","sqft_lot","floors","waterfront","view","condition","grade","sqft_above","sqft_basement","yr_built","yr_renovated","zipcode","lat","long","sqft_living15","sqft_lot15"
"1","7683900200",2014-12-23,380000,5,3,3450,9914,2,0,0,3,9,3450,0,2004,0,98023,47.2813,-122.345,2860,9721
"2","0322059095",2014-08-11,269950,4,2.5,2060,13500,1,0,0,3,7,1260,800,1968,0,98042,47.4229,-122.153,1610,10714
"3","7298040310",2014-05-23,556000,5,2.5,3840,16905,2,0,0,3,11,3840,0,1991,0,98023,47.2996,-122.342,3270,12133
"4","0251300260",2014-05-15,255000,4,2.5,2070,7800,2,0,0,3,8,2070,0,1989,0,98003,47.3487,-122.315,1950,7815
"5","1770000090",2015-04-07,484000,3,1.75,1950,17400,1,0,0,3,7,1210,740,1976,0,98072,47.7424,-122.091,1900,17250
"6","1024000100",2015-04-08,9e+05,3,2.5,1920,7200,2,0,2,3,10,1780,140,1997,0,98116,47.5709,-122.408,2080,5000
"7","2095500040",2014-06-13,325000,3,2.5,2070,8337,2,0,0,3,8,2070,0,1997,0,98030,47.3658,-122.176,2030,7248
"8","0625059036",2014-08-13,2700000,5,4,4230,27295,2,1,4,3,8,3230,1000,1949,1985,98033,47.6803,-122.214,2660,27295
"9","9578200030",2014-07-28,312000,3,2,2440,13250,1,0,0,4,8,1440,1000,1977,0,98030,47.375,-122.227,2400,10650
"10","2935400100",2014-05-22,625000,3,1.75,2060,12558,1,0,0,4,7,1350,710,1984,0,98052,47.6659,-122.144,1850,8722
"11","2641800060",2015-04-27,239000,3,1,940,8571,1,0,0,3,6,940,0,1950,0,98146,47.5006,-122.336,1100,8573
"12","3822200087",2015-03-19,355000,3,1,1180,5965,1.5,0,0,4,6,1180,0,1928,0,98125,47.7281,-122.299,1270,7710
"13","7852130100",2015-03-13,459950,3,2.5,2340,4273,2,0,0,3,7,2340,0,2002,0,98065,47.5362,-121.878,2400,4624
"14","3530210260",2014-10-27,274975,3,2.5,3030,45004,2,0,0,3,9,3030,0,1987,0,98077,47.7721,-122.093,3080,35781
"15","0402000110",2014-10-17,175000,2,1,960,5508,1,0,0,3,6,770,190,1951,0,98118,47.5307,-122.277,1280,5304
"16","7922800190",2015-03-11,620000,5,1.75,2000,8713,1,0,2,3,7,1000,1000,1962,0,98008,47.5882,-122.117,2040,8449
"17","3335000050",2014-07-14,397000,2,1.75,1610,4104,1,0,0,3,7,950,660,1996,0,98118,47.5565,-122.275,1510,5284
"18","9294300070",2014-05-02,650000,4,2,1820,5000,1.5,0,1,3,7,1640,180,1945,0,98115,47.6815,-122.269,2060,5000
"19","1868900035",2015-04-07,840000,3,1.75,2020,4800,1,0,0,4,8,1090,930,1926,0,98115,47.6726,-122.294,1680,4800
"20","5706202070",2014-09-30,511100,4,2.5,1560,12220,1.5,0,0,4,7,1560,0,1965,0,98027,47.5287,-122.053,1920,12220
"21","7452500530",2015-02-19,250000,2,1,850,6370,1,0,0,3,6,850,0,1951,0,98126,47.5198,-122.373,850,5170
"22","1137600190",2015-04-30,255000,3,2,1290,13282,1,0,0,3,7,1290,0,1978,0,98030,47.3787,-122.169,1290,12357
"23","6743700335",2014-06-04,470000,3,2,1800,12669,1,0,0,3,7,1800,0,1956,1990,98033,47.6935,-122.173,1970,9775
"24","1775910270",2014-10-20,355000,3,1,1200,16000,1,0,0,3,7,1200,0,1970,0,98072,47.7452,-122.101,1960,15500
"25","2641400160",2014-12-05,340000,4,2.5,2380,7850,2,0,0,3,8,2380,0,1995,0,98055,47.4356,-122.201,1940,7334
"26","7508700085",2014-07-24,386500,3,2.25,2950,8036,1.5,0,0,3,8,1950,1000,1963,0,98125,47.7239,-122.313,2060,7200
"27","6169900580",2014-07-09,1465000,6,4.5,4230,6420,2,0,3,4,8,2360,1870,1916,0,98119,47.6301,-122.369,3450,4085
"28","3904990430",2015-01-29,495000,5,2.5,2200,4942,2,0,0,3,8,2200,0,1989,0,98029,47.5772,-122.001,2200,5924
"29","8944750850",2014-05-21,288400,3,2.25,1870,3230,2,0,0,3,7,1870,0,1997,0,98056,47.4915,-122.167,1620,3363
"30","2825059256",2014-09-26,680000,4,2.5,3030,13068,2,0,0,3,9,3030,0,1978,0,98005,47.6313,-122.172,2940,11999
"31","7312100010",2015-03-02,410000,4,2.5,2240,4447,2,0,0,3,7,2240,0,2006,0,98059,47.4868,-122.159,2000,3800
"32","7123400045",2014-05-23,225000,2,1,1300,11867,1.5,0,0,4,6,1300,0,1975,0,98010,47.3221,-121.903,820,11867
"33","7419500200",2015-04-01,1420000,5,3.25,3950,11438,2,0,2,3,10,3430,520,2006,0,98033,47.6898,-122.189,2070,10751
"34","6021502470",2014-11-06,555000,2,1,1550,4600,1,0,0,4,7,1050,500,1941,0,98117,47.686,-122.384,1550,4600
"35","0546001060",2015-04-27,763000,4,1.75,1850,4388,2,0,0,5,8,1850,0,1941,0,98117,47.6885,-122.381,1410,4107
"36","4310701600",2014-11-13,340000,3,2.5,1240,1115,3,0,0,3,8,1240,0,2003,0,98103,47.6985,-122.34,1410,1355
"37","7738500185",2014-09-23,382500,3,2,1150,6249,1,0,0,3,7,1150,0,1952,2006,98155,47.7489,-122.284,2470,7751
"38","1568100225",2014-12-04,343000,2,1.5,1040,8526,1,0,0,5,6,1040,0,1953,0,98155,47.7349,-122.295,1310,8504
"39","2130200160",2014-06-09,325000,3,2,1350,11805,1,0,0,3,7,1350,0,1986,0,98019,47.7313,-121.971,1350,14200
"40","1042700050",2014-07-23,769995,5,2.75,3010,5398,2,0,0,3,9,3010,0,2014,0,98074,47.6067,-122.053,3360,5407
"41","7578200310",2014-11-12,650000,4,2,2208,5000,3,0,0,5,8,2208,0,1917,0,98116,47.5711,-122.383,1760,5000
"42","1326069151",2015-02-24,260000,3,1.75,2160,22702,1,0,0,4,7,2160,0,1981,0,98019,47.7355,-121.982,1820,22687
"43","0823000174",2014-07-28,920000,3,2.25,3650,5353,2,0,4,4,7,2200,1450,1947,0,98144,47.5949,-122.291,1950,4970
"44","0476000324",2014-10-16,460000,3,3.25,1370,1194,3,0,0,3,8,1370,0,2005,0,98107,47.6704,-122.391,1320,1217
"45","7135300275",2014-09-04,185000,1,1,720,5000,1,0,0,4,6,720,0,1908,0,98118,47.5289,-122.272,1170,5000
"46","2968800626",2014-08-22,355000,4,2,1770,8890,1,0,0,5,6,1770,0,1949,0,98166,47.4589,-122.353,1010,7620
"47","4307340130",2014-06-22,374000,4,2.5,2580,6260,2,0,0,3,7,2580,0,2004,0,98056,47.4858,-122.185,2160,3600
"48","7174800760",2014-07-25,667000,5,2,1900,5470,1,0,0,3,7,1180,720,1930,1965,98105,47.6666,-122.303,1300,3250
"49","2634500050",2014-09-10,251000,2,1,840,7870,1,0,0,3,6,840,0,1949,0,98155,47.7389,-122.326,1442,8131
"50","7518505345",2014-12-29,550000,2,1,950,4080,1,0,0,4,7,950,0,1924,0,98117,47.6765,-122.384,1120,4080
"51","3975400085",2014-06-24,850000,4,3,3330,4000,1,0,0,3,8,1790,1540,1958,0,98103,47.6559,-122.344,1610,4000
"52","1788900380",2015-02-12,185000,2,1,1122,9100,1,0,0,4,6,1122,0,1960,0,98023,47.328,-122.341,840,9344
"53","1250200786",2015-01-22,360000,5,2,2120,2400,1,0,0,4,6,1080,1040,1906,0,98144,47.5979,-122.297,1690,4400
"54","7937900040",2014-12-19,633000,5,2.75,3630,30570,2,0,0,3,11,3630,0,2000,0,98058,47.4243,-122.097,3620,41965
"55","3751600784",2015-04-03,331210,4,2.5,2240,4800,2,0,0,3,8,2240,0,2014,0,98001,47.2911,-122.266,2240,5040
"56","8155870200",2014-05-22,349900,4,2.5,2052,3723,2,0,0,3,8,2052,0,2014,0,98003,47.2824,-122.295,2052,5250
"57","6205500580",2014-12-10,530000,3,2.5,2640,13775,1,0,0,3,8,1550,1090,1978,0,98005,47.5875,-122.177,2120,12432
"58","3630020090",2015-05-04,454280,3,2.5,1470,1741,2,0,0,3,8,1170,300,2004,0,98029,47.5464,-121.999,1470,1583
"59","3423059177",2014-11-26,420000,5,2.75,2540,27007,1,0,0,3,8,1520,1020,1980,2014,98058,47.4326,-122.155,1800,26572
"60","8644210110",2015-05-01,792000,3,2.5,3320,12840,1,0,0,3,10,2600,720,1990,0,98075,47.5783,-121.994,3230,14933
"61","2621069017",2015-03-03,425000,3,2.25,1670,107157,1,0,0,3,7,1670,0,2007,0,98022,47.2743,-122.009,3310,108900
"62","7128300060",2014-07-07,443000,5,1.75,1650,3000,1.5,0,0,3,8,1650,0,1902,0,98144,47.5955,-122.306,1740,4000
"63","0142000165",2014-05-07,749950,4,2.75,2600,6050,2,0,0,5,8,1960,640,1949,0,98116,47.5656,-122.4,1990,6050
"64","6184700100",2014-09-26,599000,2,1,1550,7713,1,0,0,3,7,1550,0,1930,1979,98117,47.7005,-122.358,1340,6350
"65","5072410070",2014-10-21,505000,3,1.75,2519,8690,2,0,0,5,8,2519,0,1973,0,98166,47.4428,-122.344,2500,9500
"66","4402700593",2015-04-28,395000,2,1,1440,7808,1,0,0,4,7,860,580,1949,0,98133,47.7431,-122.336,1550,7682
"67","7796450190",2015-02-02,277500,3,2.5,1690,5171,2,0,0,3,8,1690,0,2003,0,98023,47.2779,-122.347,2550,5025
"68","3622059180",2014-07-03,390000,4,2,1900,76877,1,0,0,3,8,1900,0,2004,0,98042,47.3491,-122.113,1740,34848
"69","8682310460",2014-07-09,498800,2,1.75,1350,4614,1,0,0,3,8,1350,0,2008,0,98053,47.7091,-122.015,1680,4775
"70","4233800020",2014-10-08,270000,4,2.5,2701,5821,2,0,0,3,7,2701,0,2013,0,98092,47.2873,-122.177,2566,5843
"71","0984210590",2014-09-29,360000,4,2.25,2470,8686,1,0,0,4,7,1270,1200,1974,0,98058,47.4371,-122.166,1900,7350
"72","5536500020",2014-07-16,540000,4,2.5,2290,4450,2,0,0,3,9,2290,0,2004,0,98072,47.7385,-122.169,2570,5096
"73","1930300190",2014-07-14,716100,3,1,1640,4000,1.5,0,0,5,7,1640,0,1909,0,98103,47.6563,-122.351,2140,4000
"74","2759800110",2014-10-31,485000,3,2.5,1840,8250,1,0,1,3,8,1340,500,1958,0,98177,47.7767,-122.378,1970,7920
"75","7153400010",2014-08-12,190500,3,2,1390,10155,1,0,0,3,7,1130,260,1980,0,98003,47.2575,-122.305,1790,10155
"76","1250202660",2014-09-24,825000,4,1,2290,6300,1.5,0,4,4,7,2150,140,1921,0,98144,47.5917,-122.29,2390,6300
"77","9276200890",2015-04-29,450000,2,1.75,1760,2275,1.5,0,0,3,6,1040,720,1912,0,98116,47.5803,-122.393,1380,3750
"78","1402950240",2014-06-02,3e+05,4,2.5,2070,7476,2,0,0,3,8,2070,0,2003,0,98092,47.3352,-122.189,2430,5500
"79","8121200700",2014-07-13,579000,4,2.25,2030,8764,2,0,0,4,8,2030,0,1983,0,98052,47.7214,-122.11,1950,8750
"80","1446801000",2015-03-20,352000,5,2.5,2900,6650,1,0,0,3,7,1450,1450,1964,0,98168,47.4935,-122.332,1600,8246
"81","1442880080",2014-07-01,499990,4,2.75,2910,6334,2,0,0,3,8,2910,0,2013,0,98045,47.4826,-121.771,2790,6352
"82","2525300550",2014-06-03,225000,3,1,1200,9936,1,0,0,4,6,1200,0,1969,0,98038,47.3609,-122.029,1200,10189
"83","9297301190",2014-05-13,413000,4,1,1410,6000,1,0,0,3,7,810,600,1925,0,98126,47.566,-122.373,1500,4800
"84","1442880610",2014-08-29,533380,4,2.75,2790,6685,2,0,0,3,8,2790,0,2014,0,98045,47.4838,-121.773,2790,6444
"85","8901001170",2014-05-14,458000,3,1,1660,7500,1,0,0,4,7,1060,600,1940,0,98125,47.7105,-122.306,1450,7500
"86","7852030330",2014-09-03,480000,3,2.5,2270,4488,2,0,0,3,7,2270,0,1999,0,98065,47.5329,-121.879,2360,4427
"87","8691390460",2014-06-16,699850,4,3.5,2690,6164,2,0,0,3,9,2690,0,2002,0,98075,47.599,-121.973,2910,5000
"88","1722069052",2014-10-24,565000,5,2.5,4320,107157,1,0,0,4,8,2160,2160,1967,0,98038,47.4009,-122.059,2480,107157
"89","9151600695",2015-03-04,625000,3,2,2140,3600,2,0,0,3,8,1680,460,1911,1997,98116,47.5846,-122.383,2340,5400
"90","9828700685",2015-05-13,9e+05,3,1.75,1540,8400,1.5,0,0,3,7,1540,0,1902,0,98122,47.6187,-122.295,1330,4800
"91","9297300480",2014-12-12,765000,4,3.5,2760,4000,2,0,2,3,8,2000,760,1926,2014,98126,47.5687,-122.374,1690,4000
"92","7504400400",2014-10-29,630000,4,2.5,3220,14463,2,0,0,3,8,3220,0,1978,0,98074,47.6261,-122.047,2550,12109
"93","3365900465",2015-02-19,170000,3,1.5,1370,10176,1,0,0,3,6,1370,0,1947,0,98168,47.4738,-122.263,1650,10176
"94","4045500130",2014-09-09,154000,2,1,1040,20524,1,0,3,3,6,1040,0,1949,1989,98014,47.6981,-121.875,1880,38996
"95","9485300560",2014-07-25,325000,4,2.75,2110,6838,2,0,0,4,8,2110,0,1991,0,98031,47.3877,-122.171,2100,7280
"96","3333002450",2015-01-22,490000,1,1,850,8050,1,0,0,2,6,850,0,1906,0,98118,47.5427,-122.288,1590,5180
"97","2488200459",2014-05-05,405000,2,3,1410,1240,2,0,0,3,8,1140,270,2006,0,98136,47.5221,-122.39,1410,1273
"98","8088600080",2014-06-02,274950,3,1,1450,8820,1,0,0,3,6,1050,400,1958,0,98168,47.4698,-122.264,1510,8820
"99","0859000160",2014-12-03,375000,4,2,1720,2410,1,0,0,3,7,970,750,1930,2006,98106,47.5252,-122.361,1160,1404
"100","2124049229",2015-03-02,469000,4,2.5,2240,5624,1,0,0,3,7,1520,720,1961,0,98108,47.5574,-122.308,2240,7495
"101","1860600840",2014-08-15,925000,3,3,2560,3600,2,0,0,3,10,2110,450,1994,0,98119,47.633,-122.37,2160,3600
"102","3313600340",2014-06-16,183000,3,1.75,1070,8100,1,0,0,4,6,1070,0,1957,0,98002,47.2853,-122.22,1260,8100
"103","4420600015",2014-10-06,571500,4,2.25,2810,25990,2,0,0,3,8,1860,950,1959,0,98001,47.2993,-122.293,2020,16140
"104","2937300520",2014-08-01,799990,4,2.75,3110,6050,2,0,0,3,9,3110,0,2014,0,98052,47.705,-122.126,3590,6054
"105","8656800190",2014-10-02,280000,3,1.75,2080,87991,1,0,0,3,6,1040,1040,1970,0,98014,47.6724,-121.865,2080,84300
"106","1924069058",2014-10-10,965000,4,3.25,5010,49222,2,0,0,5,9,3710,1300,1978,0,98027,47.5489,-122.092,3140,54014
"107","6929603207",2014-12-10,243500,4,2,1610,6200,1,0,0,4,7,1610,0,1979,0,98198,47.3833,-122.306,1610,7500
"108","1498301672",2015-03-30,467000,5,2,2080,4000,1,0,0,4,6,1040,1040,1909,0,98144,47.5858,-122.308,1940,6000
"109","9465910030",2014-05-15,525000,3,2.5,2700,7434,2,0,0,3,9,2700,0,1991,0,98072,47.7434,-122.174,2660,8405
"110","0538000190",2015-02-13,334950,4,2.5,2230,5500,2,0,0,3,7,2230,0,1999,0,98038,47.3533,-122.023,1910,5500
"111","3876312290",2014-11-21,405000,3,1.75,1520,7252,1,0,0,3,7,1140,380,1975,0,98072,47.7358,-122.175,1910,7820
"112","4139490190",2014-07-11,1500000,4,3.5,4410,12426,2,0,2,3,12,3420,990,1996,0,98006,47.5518,-122.107,4090,12127
"113","8074200160",2014-06-29,265000,3,1,1800,7650,1,0,0,5,7,1800,0,1957,0,98056,47.4922,-122.178,1230,7650
"114","3303950220",2014-08-31,348450,4,2.5,1950,8628,2,0,0,3,8,1950,0,1994,0,98038,47.3817,-122.035,2210,9019
"115","0323059327",2014-07-03,1025000,4,3.5,4370,10860,2,0,0,3,11,4370,0,2008,0,98059,47.5066,-122.148,3560,8070
"116","6131600255",2014-12-22,202500,3,2,1540,8316,1,0,0,5,6,1540,0,1954,0,98002,47.323,-122.216,1250,8316
"117","8835770170",2014-08-22,1488000,5,6,6880,279968,2,0,3,3,12,4070,2810,2007,0,98045,47.4624,-121.779,4690,256803
"118","7135300046",2014-07-16,210000,2,1,1450,4750,1,0,0,3,7,850,600,1950,0,98118,47.5293,-122.272,1190,5000
"119","2581900235",2014-11-10,1075000,4,2.75,2580,8100,2,0,1,4,8,1780,800,1964,0,98040,47.5387,-122.215,2840,10006
"120","8732130730",2014-11-20,280000,3,1.75,1770,8240,1,0,0,4,7,1240,530,1978,0,98023,47.3066,-122.378,2060,8250
"121","1922059135",2015-05-13,250000,2,2,1130,5500,1,0,0,4,6,1130,0,1941,0,98030,47.3839,-122.225,1320,6600
"122","2821079081",2014-10-10,590000,4,2,2490,339332,1,0,0,3,8,2490,0,2002,0,98022,47.2725,-121.929,1910,129373
"123","7203150080",2014-12-16,706000,4,2.5,2510,5436,2,0,0,3,8,2510,0,2011,0,98053,47.6894,-122.016,2520,5436
"124","9407100800",2014-11-24,255000,3,1,1230,10170,1,0,0,3,7,1230,0,1979,0,98045,47.4437,-121.772,1380,10098
"125","3438500037",2015-04-05,545000,5,4,1680,7268,1,0,0,3,8,1370,310,2008,0,98106,47.5571,-122.356,2040,8259
"126","5096300140",2015-02-17,398500,3,2.5,1630,1971,2,0,0,3,8,1630,0,1996,0,98177,47.7753,-122.375,1630,3451
"127","9551201660",2014-06-13,1030000,4,2.5,2750,4800,2,0,0,3,9,1960,790,1905,2005,98103,47.6709,-122.337,2400,5300
"128","1250202990",2014-06-11,881000,5,3,2510,4125,1.5,0,3,5,8,1590,920,1925,0,98144,47.5968,-122.29,2190,5415
"129","3505100297",2015-04-11,505000,3,1.75,1240,4550,1.5,0,0,4,7,1240,0,1951,0,98116,47.5803,-122.398,2110,5700
"130","9268851630",2014-06-04,520000,3,3.25,1540,1487,2,0,0,3,8,1540,0,2011,0,98027,47.5397,-122.027,1620,1104
"131","3629760110",2014-08-21,634000,3,2.5,2490,4904,2,0,0,3,9,2490,0,2003,0,98029,47.5451,-122.014,2370,4050
"132","3211100730",2014-08-04,360000,3,1.75,1560,7930,2,0,0,4,7,1560,0,1980,0,98059,47.4779,-122.161,1720,8073
"133","9560800390",2014-05-16,445000,3,2.25,1990,7340,2,0,0,3,8,1990,0,1984,0,98072,47.7579,-122.141,2180,11223
"134","4389201250",2014-05-13,2450000,5,4,4430,9000,2,0,0,3,10,4430,0,2013,0,98004,47.6168,-122.216,2470,9490
"135","2325300093",2014-07-07,378000,3,2.5,1601,2491,3,0,0,3,7,1536,65,2007,0,98125,47.719,-122.317,1420,1156
"136","5490700085",2014-09-11,340000,5,2,1750,8220,1,0,0,3,7,1750,0,1956,0,98155,47.7694,-122.321,1210,6760
"137","0722059233",2014-12-15,327500,3,2.5,2090,12027,2,0,0,3,8,2090,0,1991,0,98031,47.4084,-122.213,2090,12666
"138","7979900552",2015-05-01,361000,3,1,1040,6720,1.5,0,0,3,7,1040,0,1951,0,98155,47.7444,-122.294,1880,11407
"139","1939100560",2015-01-16,749950,4,2.5,2620,8312,2,0,0,3,9,2620,0,1990,0,98074,47.6272,-122.033,2260,8515
"140","1926059155",2015-01-30,257000,3,1.75,1850,10920,1.5,0,0,3,6,1850,0,1915,0,98034,47.7244,-122.222,1510,7871
"141","2025700430",2014-08-26,269500,3,2,1640,8395,1,0,0,4,7,1640,0,1991,0,98038,47.348,-122.035,1510,7180
"142","5245600120",2014-10-09,257500,3,1,1690,13825,1,0,0,3,7,1210,480,1955,0,98148,47.4256,-122.322,1190,9450
"143","7551300060",2014-07-16,470000,3,1,1010,5000,1,0,0,3,7,1010,0,1952,0,98107,47.675,-122.394,1680,5000
"144","7889000160",2015-03-17,222000,3,1,990,7520,1,0,0,4,7,990,0,1958,0,98002,47.285,-122.207,990,7440
"145","7812801925",2014-06-24,230000,4,1.75,1850,6000,1,0,0,4,6,1270,580,1944,0,98178,47.4923,-122.247,1270,6600
"146","1088700100",2014-11-18,905000,3,2.5,2930,9280,2,0,0,4,10,2930,0,1988,0,98007,47.6335,-122.151,2730,10090
"147","1180007005",2014-06-25,265950,3,1.5,1150,8450,1,0,0,4,6,1150,0,1951,0,98178,47.4927,-122.224,1160,6800
"148","4174600055",2014-05-21,360000,2,0.75,850,7710,1,0,2,5,6,550,300,1909,0,98108,47.5588,-122.301,2500,6022
"149","1421039067",2014-10-27,218000,4,1,1620,17500,1,0,0,3,7,1620,0,1962,0,98023,47.3021,-122.388,2400,17394
"150","1703050420",2015-03-30,651100,4,2.5,2310,5526,2,0,0,3,9,2310,0,2003,0,98074,47.6299,-122.02,2500,5769
"151","8077200360",2014-11-12,557865,4,2.5,3030,6813,2,0,0,3,9,3030,0,1987,0,98074,47.6296,-122.029,2310,8682
"152","6450304260",2014-07-22,294000,2,1,850,5250,1,0,0,4,7,850,0,1950,0,98133,47.731,-122.342,1440,5250
"153","0792500190",2014-06-27,410000,3,2,1400,45738,2,0,0,4,8,1400,0,1981,0,98070,47.3624,-122.455,2390,56628
"154","8029500180",2014-06-11,330000,3,2.5,2210,7557,2,0,0,3,9,2210,0,1989,0,98023,47.3079,-122.393,2440,8641
"155","0818100030",2014-12-04,310000,4,2.5,1930,7014,2,0,0,3,8,1930,0,1994,0,98042,47.3921,-122.163,1990,7920
"156","9829200250",2015-01-05,1697000,3,2,2600,6600,2,0,4,3,10,1930,670,1970,2014,98122,47.6055,-122.285,2670,6270
"157","9164100105",2015-03-10,570000,3,1,1700,4750,1.5,0,0,4,6,1200,500,1909,0,98117,47.6819,-122.389,1550,4750
"158","1924059248",2014-06-02,870000,4,3,4500,21780,2,0,2,3,9,3040,1460,1980,0,98040,47.5581,-122.213,3540,20473
"159","6817801030",2015-04-22,280000,3,1,1160,10881,1,0,0,2,7,920,240,1983,0,98074,47.6339,-122.033,1280,10843
"160","1623089086",2014-10-15,760000,4,2.75,3980,285318,2,0,2,3,9,3980,0,2006,0,98045,47.4803,-121.795,2100,105415
"161","1775800290",2014-08-01,354000,3,1.75,1260,12330,1,0,0,3,7,1260,0,1968,0,98072,47.7412,-122.095,1320,12800
"162","3822200036",2014-06-24,257500,2,2,1180,9265,1,0,0,3,7,1180,0,1940,0,98125,47.7252,-122.297,460,18000
"163","7942601805",2014-09-11,618000,3,2.5,2340,3630,2,0,0,3,9,2340,0,1998,0,98122,47.6059,-122.307,1820,5120
"164","6004510240",2015-04-14,350000,4,2.5,2530,10155,2,0,0,3,8,2530,0,1998,0,98042,47.351,-122.146,2330,7205
"165","8562740530",2014-05-12,788000,4,3.25,3680,5759,2,0,0,3,9,2840,840,2003,0,98027,47.5367,-122.067,3620,6006
"166","3216900070",2014-06-17,382500,4,2.5,2210,7079,2,0,0,3,8,2210,0,1993,0,98031,47.4206,-122.183,1970,7000
"167","6362900007",2014-09-05,395000,3,2,1500,2506,1,0,0,3,7,870,630,2003,0,98144,47.5962,-122.301,1500,4662
"168","8651410330",2015-03-06,215150,3,1,920,4770,1,0,0,4,6,920,0,1969,0,98042,47.3654,-122.082,920,4770
"169","5360200052",2015-02-24,499950,3,2.5,2580,23925,2,0,0,3,9,2580,0,2001,0,98023,47.2978,-122.376,1660,8460
"170","2741100280",2014-05-13,415000,3,1.75,1960,5000,1,0,0,5,6,980,980,1911,0,98108,47.5576,-122.317,1790,5000
"171","3365900175",2015-04-02,424305,3,2.5,1600,5960,2,0,2,5,8,1600,0,1910,0,98168,47.4758,-122.265,1410,13056
"172","3300790540",2015-01-09,292500,3,2.25,1690,7320,2,0,0,3,7,1690,0,1987,0,98198,47.3889,-122.316,1520,7450
"173","8018600765",2014-06-04,240500,3,1.75,1460,10584,1,0,0,3,7,990,470,1997,0,98168,47.492,-122.317,1220,12012
"174","7861300140",2014-06-16,353500,4,2.25,1760,9602,2,0,0,3,7,1760,0,1987,0,98058,47.4248,-122.158,1860,9656
"175","3995700220",2015-03-17,380000,3,1,1380,8147,1,0,0,4,7,1380,0,1948,0,98155,47.7407,-122.3,1360,8147
"176","8924100308",2015-02-03,1050000,4,2.5,3260,5974,2,0,1,3,9,2820,440,2007,0,98115,47.6772,-122.267,2260,6780
"177","2426049113",2015-04-14,459000,4,1.5,2020,9583,2,0,0,4,7,2020,0,1963,0,98034,47.7283,-122.238,1770,8625
"178","7787120500",2015-05-04,515055,4,2.5,2400,8320,2,0,0,3,8,2400,0,1999,0,98045,47.4808,-121.781,2430,9258
"179","9547202245",2014-06-27,735000,4,3,2370,3672,1.5,0,0,5,7,1650,720,1916,0,98115,47.678,-122.311,2140,4182
"180","2911700010",2015-03-03,1080000,3,2.5,2240,21477,2,0,2,3,8,2240,0,1995,0,98006,47.5745,-122.18,2930,21569
"181","3046200125",2015-04-06,202000,2,1,740,6550,1,0,0,4,5,740,0,1946,0,98168,47.4807,-122.332,1080,8515
"182","4100000140",2014-10-13,640000,4,1.75,2060,9828,1,0,0,4,8,2060,0,1960,0,98005,47.5867,-122.174,2260,9996
"183","6705120540",2014-12-22,462370,2,2.25,1860,2670,2,0,0,4,8,1860,0,1986,0,98006,47.5436,-122.187,1860,2531
"184","2767602945",2014-06-25,5e+05,3,1.5,1190,4750,1,0,0,3,7,970,220,1940,0,98107,47.6726,-122.386,1460,4750
"185","4178500100",2014-07-23,282500,3,2.25,1670,7150,2,0,0,4,7,1670,0,1990,0,98042,47.3603,-122.088,1570,7040
"186","6632300478",2014-09-16,4e+05,4,2,1350,7255,1,0,0,4,7,1350,0,1959,0,98125,47.7287,-122.31,1050,7288
"187","9477200460",2015-01-08,350000,3,1,950,9451,1,0,0,4,7,950,0,1977,0,98034,47.7308,-122.19,1480,8352
"188","2487200938",2014-11-26,815000,5,3.25,3230,5000,2,0,1,3,9,2350,880,2002,0,98136,47.5202,-122.393,1520,5000
"189","5710610670",2014-07-23,530000,4,2.5,2370,9601,1,0,0,3,8,1570,800,1976,0,98027,47.5327,-122.054,2550,10500
"190","0723049197",2014-06-27,195000,2,1,1020,8100,1,0,0,3,6,1020,0,1940,0,98168,47.4971,-122.334,1200,12500
"191","1782500065",2015-04-28,420000,4,1.75,1320,4978,1,0,0,4,7,940,380,1942,0,98126,47.5266,-122.379,1260,4693
"192","0523049195",2014-05-22,150000,2,1,820,10270,1,0,0,3,7,820,0,1954,0,98168,47.5119,-122.329,1670,10086
"193","1775910370",2015-02-05,464000,4,2.25,2220,15232,1,0,0,3,9,1690,530,1978,0,98072,47.7449,-122.103,2110,15280
"194","8888000055",2014-12-30,530000,3,0.75,920,20412,1,1,2,5,6,920,0,1950,0,98070,47.4781,-122.49,1162,54705
"195","7625703885",2014-09-17,870000,4,3,2940,7108,2,0,1,3,9,2220,720,2011,0,98136,47.5437,-122.395,2240,7950
"196","3761100240",2014-10-27,901000,4,2.75,3030,18400,1.5,0,3,3,9,2360,670,1973,0,98034,47.7019,-122.243,3030,12486
"197","8129700985",2015-04-27,7e+05,3,1.75,1350,4000,1.5,0,0,4,7,1350,0,1925,0,98103,47.6581,-122.354,1880,4000
"198","1826049442",2015-03-10,441000,3,2.5,1890,11036,1,0,0,3,8,1460,430,1973,0,98133,47.7426,-122.354,2040,7524
"199","6852700412",2014-09-19,625000,3,3.5,1560,1490,2,0,0,3,8,1240,320,1995,0,98102,47.6248,-122.319,1560,1662
"200","3275910020",2015-02-13,340000,4,2.5,2181,5521,2,0,0,3,8,2181,0,2006,0,98001,47.3503,-122.291,2333,5143
"201","3303951150",2015-02-04,424950,4,2.5,2480,8563,2,0,0,3,8,2480,0,1992,0,98038,47.381,-122.033,2460,8660
"202","3353404265",2014-12-31,460000,3,2.5,2720,40813,2,0,0,3,8,2720,0,2001,0,98001,47.2619,-122.271,2250,40511
"203","3521069150",2014-10-17,431000,3,2.5,2440,71002,1,0,0,4,9,2440,0,1996,0,98022,47.2689,-122.01,3170,84000
"204","1865800250",2014-12-04,147500,3,1.75,1010,6552,1,0,0,3,7,1010,0,1969,0,98042,47.375,-122.117,1010,6552
"205","6329000705",2015-04-02,545000,2,1.5,2340,13380,1,0,0,4,7,1280,1060,1954,0,98146,47.5017,-122.377,1490,8100
"206","1245500286",2014-05-23,498000,2,2,1140,8282,1,0,0,3,6,1140,0,1924,2009,98033,47.6949,-122.21,1650,9000
"207","1425069071",2015-03-23,875000,4,2.5,3230,256132,2,0,0,3,9,3230,0,2006,0,98053,47.6544,-121.998,3080,217800
"208","7443001470",2014-05-20,755000,6,2,2150,4505,1,0,0,3,7,1270,880,1952,0,98119,47.6514,-122.369,1740,4505
"209","7732410360",2014-08-22,752888,3,2.5,2420,9000,2,0,0,4,9,2420,0,1987,0,98007,47.6599,-122.146,2630,9000
"210","1683600120",2015-01-21,220000,3,1.75,1720,7587,1,0,0,4,7,1140,580,1981,0,98092,47.3175,-122.182,1120,7287
"211","7852110690",2014-05-22,622500,4,2.5,2980,8107,2,0,0,3,9,2980,0,2000,0,98065,47.5389,-121.876,2750,7760
"212","8911000445",2014-11-12,329000,2,1,940,7700,1,0,0,4,6,940,0,1916,0,98133,47.7067,-122.354,1290,7375
"213","2767704525",2015-03-27,608000,3,2.75,2610,5000,2,0,0,4,7,1710,900,1946,0,98107,47.6729,-122.373,1500,5000
"214","7211400576",2015-02-11,287450,3,2.5,1440,2500,2,0,0,3,7,1440,0,2008,0,98146,47.5123,-122.358,1440,5000
"215","1926049210",2015-04-22,372500,2,1,880,10950,1,0,0,4,7,880,0,1944,0,98133,47.7332,-122.352,1450,7560
"216","3744000040",2014-07-22,518380,4,2.5,2810,4500,2,0,0,3,9,2810,0,2014,0,98038,47.3552,-122.023,2980,5046
"217","6021501780",2014-08-18,578000,3,1,1500,4500,1,0,0,3,7,1120,380,1938,0,98117,47.6873,-122.385,1440,4500
"218","1703900005",2015-05-01,465000,3,1,1210,4872,1,0,0,4,6,1210,0,1949,0,98118,47.5551,-122.273,1070,4872
"219","8805900080",2015-04-30,750000,3,2,1840,2825,1,0,0,3,7,1040,800,1920,0,98112,47.6428,-122.302,1820,3750
"220","0424500100",2014-10-08,189900,2,1,800,5600,1,0,0,5,6,800,0,1955,0,98056,47.4959,-122.172,1100,6000
"221","6699940250",2014-07-25,350000,4,2.5,2610,5866,2,0,0,3,8,2610,0,2005,0,98038,47.3441,-122.04,2480,5188
"222","9209900335",2014-05-09,463000,2,1,1150,4400,1,0,0,4,7,1150,0,1905,0,98112,47.6226,-122.292,1240,4400
"223","3286800260",2015-05-06,780000,5,2.5,3480,74052,1,0,0,4,8,1980,1500,1972,0,98027,47.4961,-122.063,2610,65775
"224","9264911150",2015-04-23,310000,3,1.75,2130,7140,1,0,0,3,8,1580,550,1979,0,98023,47.3074,-122.341,2180,7906
"225","0739500050",2014-07-01,260000,3,2.25,1920,9680,1,0,0,4,7,1300,620,1961,0,98031,47.412,-122.195,1500,9516
"226","3226079091",2014-09-12,755000,3,2.5,3680,203860,1.5,0,0,3,9,3680,0,1994,0,98014,47.6903,-121.929,2410,144183
"227","2203500570",2015-02-17,437000,4,1.75,1700,10642,1,0,0,4,7,850,850,1954,0,98006,47.5674,-122.142,1610,11200
"228","1338300170",2015-03-24,2048000,5,4,4690,8208,2,0,0,3,9,3040,1650,1926,0,98112,47.6321,-122.304,3300,8001
"229","0259700180",2015-04-28,517000,4,1,1650,8250,1,0,0,3,7,1650,0,1966,0,98008,47.6366,-122.118,2240,9776
"230","8655000070",2014-06-01,1595000,5,3,3640,8239,2,0,3,3,10,2540,1100,1982,0,98008,47.5842,-122.111,3330,10643
"231","8078700020",2014-06-03,474900,3,2.25,1800,43647,1,0,0,4,8,1800,0,1976,0,98072,47.7757,-122.132,2480,25608
"232","8651402660",2014-10-08,175409,4,1.5,1450,5530,1,0,0,4,6,1450,0,1969,0,98042,47.3613,-122.087,1060,5200
"233","9407100310",2014-11-13,312620,3,2.5,1260,11877,1,0,0,3,7,1260,0,1975,0,98045,47.4442,-121.762,1430,9790
"234","1455600030",2015-01-08,645000,4,2,2780,11583,1,0,3,3,8,1190,1590,1955,0,98125,47.7293,-122.284,2580,10241
"235","5021900945",2014-07-03,850000,3,2,2470,8800,2,0,0,3,9,2470,0,1961,2004,98040,47.5753,-122.222,2340,10980
"236","8035600290",2015-04-13,372000,4,2.5,2500,8215,2,0,0,3,8,2500,0,1990,0,98031,47.4124,-122.204,2360,7801
"237","7933250050",2014-10-28,1419000,5,3.25,4020,4500,2,0,0,3,9,3120,900,2010,0,98004,47.6349,-122.204,3550,5775
"238","0524069037",2014-07-10,505000,2,1,1240,57000,1,0,0,3,7,1240,0,1962,0,98075,47.597,-122.059,3050,25545
"239","8150600250",2014-12-17,649000,4,2.5,2730,4847,2,0,0,3,9,2730,0,2008,0,98126,47.549,-122.374,1250,4840
"240","2597450250",2014-07-30,1160000,4,2.5,3860,10361,2,0,2,4,10,2940,920,1985,0,98006,47.5517,-122.147,3720,13155
"241","8001100030",2015-01-02,256000,3,2.5,1570,5113,1,0,0,3,7,1090,480,1996,0,98001,47.3327,-122.29,1570,5150
"242","1687000220",2014-10-16,285000,4,2.5,2434,4400,2,0,0,3,8,2434,0,2007,0,98001,47.2874,-122.283,2434,4400
"243","2206500430",2014-07-09,525000,4,1.75,1710,10440,1,0,0,4,7,1710,0,1955,0,98006,47.5756,-122.158,1480,10440
"244","9385200055",2014-09-12,650000,3,3.25,1510,2000,2,0,0,3,9,1330,180,2001,0,98116,47.5815,-122.402,1510,1352
"245","0248000240",2014-07-15,219000,3,1.5,1060,9600,1,0,0,4,7,1060,0,1962,0,98023,47.3229,-122.348,1440,9600
"246","8732020770",2014-09-04,263850,4,2.25,2300,7524,2,0,0,4,8,2300,0,1978,0,98023,47.313,-122.388,2270,8025
"247","0323089085",2015-04-22,850000,3,2,2740,101930,1,0,2,3,9,2740,0,1999,0,98045,47.5056,-121.77,2140,83635
"248","1240700170",2014-06-09,1017100,4,3.75,4060,19290,2,0,0,3,10,4060,0,2002,0,98074,47.6051,-122.053,4020,13250
"249","7137960440",2014-12-23,292500,4,2.5,1860,8709,2,0,0,3,8,1860,0,1994,0,98092,47.3289,-122.17,1990,6825
"250","1762600190",2014-12-29,1035000,4,2.5,3170,47502,2,0,0,3,10,3170,0,1988,0,98033,47.6495,-122.185,3190,35110
"251","0625049281",2014-05-21,535000,2,1,1030,4841,1,0,0,3,7,920,110,1939,0,98103,47.686,-122.341,1530,4944
"252","0925059193",2014-07-09,1065000,4,3.75,4260,9800,2,0,0,3,10,4260,0,2008,0,98033,47.6739,-122.172,1950,8970
"253","0179001046",2014-05-08,229000,3,2.5,1190,3000,2,0,0,3,7,1190,0,2002,0,98178,47.4933,-122.275,1190,3000
"254","3325069129",2014-12-16,525000,3,2.25,2100,40510,2,0,0,3,10,1320,780,1979,0,98074,47.6154,-122.047,2380,33450
"255","9197100101",2015-05-04,225000,2,1,1010,5408,1,0,0,4,6,1010,0,1926,0,98032,47.3759,-122.238,980,7800
"256","8682262330",2014-09-30,455000,2,1.75,1350,4286,1,0,0,3,8,1350,0,2004,0,98053,47.7171,-122.033,1440,4839
"257","0125039021",2014-09-24,575000,2,1,1230,2726,1.5,0,0,3,7,880,350,1920,0,98117,47.6815,-122.359,1710,3750
"258","8731900790",2014-06-26,354950,4,2.75,2530,7350,1,0,0,5,8,1280,1250,1977,0,98023,47.313,-122.374,2280,7350
"259","6600400260",2014-05-12,201000,3,1,1460,9750,1,0,0,4,7,1460,0,1969,0,98042,47.3242,-122.144,1270,9750
"260","6450301310",2014-10-30,225000,2,1,830,5720,1,0,0,4,6,830,0,1950,0,98133,47.7339,-122.339,1150,5250
"261","5066400564",2014-09-29,199129,3,1,860,33664,1,0,0,4,6,860,0,1955,0,98001,47.295,-122.275,1290,18287
"262","2493200455",2014-10-21,290000,2,1,770,4800,1,0,0,3,7,770,0,1943,0,98136,47.527,-122.383,1390,4800
"263","5067400162",2015-02-18,290000,3,2,1550,18958,1.5,0,0,3,7,1550,0,1983,0,98198,47.3699,-122.319,1840,12826
"264","3756900027",2014-11-25,575000,8,3,3840,15990,1,0,0,3,7,2530,1310,1961,0,98034,47.7111,-122.211,1380,8172
"265","7974200776",2014-12-05,625000,4,2.75,2140,4000,1,0,0,3,7,1190,950,1951,0,98115,47.6792,-122.287,2140,4770
"266","3751601501",2014-07-16,382450,3,2.5,2220,20531,2,0,0,3,8,2220,0,1998,0,98001,47.2864,-122.264,2420,19249
"267","0809001060",2014-05-13,1105000,4,1.5,2740,4000,2,0,0,5,9,1930,810,1905,0,98109,47.6343,-122.352,1680,4000
"268","4279900140",2014-10-01,251000,4,2,1650,5974,1,0,0,5,7,860,790,1972,0,98178,47.5008,-122.257,1940,6001
"269","2997800090",2015-04-06,575000,3,1,1220,5652,1,0,0,3,6,1220,0,1905,0,98116,47.5767,-122.408,1490,2467
"270","5101405335",2014-08-26,414900,3,1.5,1260,9570,1,0,0,3,7,870,390,1941,0,98115,47.7004,-122.305,1620,7000
"271","4074300150",2015-04-17,460000,4,1.75,1560,7200,1,0,0,3,6,860,700,1943,0,98115,47.7001,-122.279,1420,7200
"272","6378500125",2015-05-01,436000,2,1,1040,7538,1,0,0,4,7,1040,0,1939,0,98133,47.7107,-122.352,1440,7530
"273","3830630090",2015-04-17,265000,3,2,1340,6783,1,0,0,4,7,1340,0,1987,0,98030,47.3504,-122.177,1630,6458
"274","7701930010",2014-05-30,489000,3,2.5,2260,19821,2,0,0,3,9,2260,0,1994,0,98058,47.448,-122.088,2750,22718
"275","2115510300",2014-10-16,246000,3,2.25,1440,10500,1,0,0,3,8,1130,310,1983,0,98023,47.318,-122.391,1510,8125
"276","8718500260",2014-07-23,485000,4,2.5,2420,10603,1,0,0,5,7,1210,1210,1958,0,98028,47.7397,-122.259,1750,10800
"277","3904960150",2015-04-23,535000,3,2.5,1970,6634,2,0,0,3,8,1970,0,1989,0,98029,47.5759,-122.012,2090,6176
"278","5467910140",2014-05-28,479900,3,2,1980,12150,1,0,0,3,9,1980,0,1994,0,98042,47.3657,-122.152,2200,12150
"279","2473411210",2015-01-22,374950,4,1.75,1660,8160,1,0,0,3,8,1660,0,1974,0,98058,47.4483,-122.129,1800,7684
"280","9189700255",2015-01-05,165000,3,1,970,7503,1,0,0,4,6,970,0,1967,0,98058,47.4688,-122.163,1230,9504
"281","6430500086",2015-01-16,341000,3,1,940,4200,1,0,0,3,7,940,0,1955,0,98103,47.6878,-122.35,1380,4080
"282","7345200400",2014-09-09,205000,3,1,1010,8800,1,0,0,4,7,1010,0,1968,0,98002,47.2761,-122.208,1550,7700
"283","2211300260",2015-03-13,367000,3,2.5,2828,4050,2,0,0,3,8,2828,0,2013,0,98030,47.382,-122.197,2513,4507
"284","6453550090",2015-05-05,861111,4,2.5,3650,7090,2,0,0,3,10,3650,0,2008,0,98074,47.606,-122.052,3860,7272
"285","5112800060",2014-06-06,455000,4,1.75,2050,94525,1,0,0,4,7,1250,800,1959,0,98058,47.4492,-122.084,2270,47480
"286","9136103130",2014-12-01,430000,2,1.5,1090,4013,1.5,0,0,3,7,1090,0,1900,0,98103,47.6652,-122.338,1390,4013
"287","5152800030",2015-04-21,485000,4,2.75,2910,16362,1,0,2,4,9,2120,790,1969,0,98003,47.3397,-122.322,2850,14904
"288","6703100140",2014-08-22,345000,3,1,1200,6628,1,0,0,4,7,1200,0,1952,0,98155,47.7367,-122.319,1330,6768
"289","2325059101",2015-05-06,487000,3,1.75,1430,12632,1,0,0,3,7,1430,0,1959,0,98008,47.6371,-122.123,1750,10350
"290","5021900160",2014-06-18,711000,4,1.75,1980,10800,1,0,0,5,6,990,990,1948,0,98040,47.5768,-122.222,2180,10800
"291","2050100450",2014-11-05,865000,3,2.5,3050,12558,2,0,0,3,10,3050,0,1997,0,98074,47.6549,-122.089,3543,12558
"292","6093900280",2014-05-07,209950,3,1.5,1380,11130,1,0,0,3,7,1380,0,1960,0,98003,47.3146,-122.323,1380,9200
"293","7234601541",2014-07-28,651000,3,3,2260,1834,2,0,0,3,8,1660,600,2002,0,98122,47.6111,-122.308,2260,1834
"294","1222069094",2014-10-14,385000,3,1.75,1350,155073,1,0,0,4,7,1350,0,1969,0,98038,47.4058,-121.994,1560,50965
"295","7731100066",2014-06-12,545000,3,1,1510,5000,1.5,0,0,3,7,1510,0,1909,0,98105,47.6708,-122.297,1680,4000
"296","0751000190",2014-10-02,355000,3,1.75,1120,7740,1,0,0,4,6,860,260,1948,0,98125,47.7107,-122.291,1240,7740
"297","9187200228",2015-03-13,448175,2,2,1370,1339,2,0,0,4,8,1150,220,2006,0,98122,47.6021,-122.295,1370,1339
"298","0721069087",2014-05-07,651000,3,2.5,3240,108366,2,0,0,4,10,3240,0,1991,0,98042,47.327,-122.094,2090,108366
"299","1624049092",2014-06-30,255000,2,1,1320,9967,1,0,0,3,6,940,380,1919,0,98108,47.5693,-122.296,1970,7587
"300","2877104316",2014-12-01,660000,4,1.5,1960,4500,1.5,0,2,3,7,1960,0,1922,0,98117,47.6797,-122.359,1960,4500
"301","3211100990",2014-10-20,410000,4,2.75,2220,8450,1,0,0,4,7,1260,960,1983,0,98059,47.4804,-122.157,1580,8450
"302","3419600125",2014-07-01,245000,3,2,1190,4072,1.5,0,0,5,6,1190,0,1907,0,98118,47.5276,-122.274,1680,5850
"303","2473100090",2014-12-02,270000,5,1.5,1930,7480,2,0,0,3,7,1930,0,1966,0,98058,47.4503,-122.157,1480,7705
"304","3304300300",2015-05-07,579950,4,2.75,2460,8643,2,0,0,3,9,2460,0,2011,0,98059,47.4828,-122.133,3110,8626
"305","0537000075",2014-08-11,420000,3,2.75,2300,8000,1,0,0,3,7,1430,870,1965,0,98003,47.3293,-122.306,2070,10200
"306","6300500105",2014-10-02,304000,2,2.25,1320,1034,3,0,0,3,7,1320,0,1996,0,98133,47.7039,-122.344,1330,1206
"307","5028600550",2014-12-29,262000,3,1.75,1320,6530,1,0,0,4,7,1320,0,1989,0,98023,47.2871,-122.354,1620,6817
"308","3521059042",2014-07-28,255500,4,1,1370,41194,1.5,0,2,5,5,1370,0,1900,0,98092,47.2716,-122.144,1590,84070
"309","2131701410",2015-04-27,299950,3,2.25,1370,5000,2,0,0,3,7,1370,0,1990,0,98019,47.7372,-121.981,1600,7724
"310","0185000161",2014-10-15,261000,3,1,1780,7800,1,0,0,3,7,1060,720,1957,0,98178,47.4932,-122.263,1450,7800
"311","4055700955",2014-06-22,874150,4,3.5,3530,14406,2,0,1,3,10,2570,960,1987,0,98034,47.7073,-122.244,3170,15181
"312","7312400075",2014-12-16,422500,2,1,910,4800,1,0,0,4,7,910,0,1923,0,98126,47.5536,-122.377,1450,5000
"313","2026049155",2015-03-20,372500,3,1.75,1680,8648,1,0,0,4,7,1680,0,1963,0,98133,47.7338,-122.332,1290,8147
"314","7986400360",2014-07-17,770000,5,1.5,2160,5000,1.5,0,2,4,8,2160,0,1926,0,98107,47.6645,-122.36,1450,4265
"315","7504110110",2015-03-25,720000,3,2.5,2880,10126,2,0,0,4,10,2880,0,1985,0,98074,47.6319,-122.037,2960,10514
"316","4167100240",2015-03-10,252000,3,1.75,1440,16819,1.5,0,0,4,6,1440,0,1925,0,98023,47.3318,-122.373,1560,12376
"317","1311100490",2015-02-25,274000,5,1.75,1950,8720,1,0,0,3,7,1050,900,1962,0,98001,47.3381,-122.289,1660,8030
"318","2616800600",2014-05-30,840000,7,4.5,4290,37607,1.5,0,0,5,10,4290,0,1982,0,98027,47.4812,-122.033,2810,40510
"319","2922701175",2014-09-19,535000,2,1.5,1940,5700,1,0,0,3,7,970,970,1937,0,98117,47.6881,-122.367,1250,5700
"320","9222400605",2015-04-11,850000,5,4,2980,4500,1.5,0,0,3,7,2070,910,1921,0,98115,47.6736,-122.323,1560,4225
"321","7308900445",2014-07-24,375000,3,1,1870,7671,1,0,0,4,8,1720,150,1937,0,98177,47.7162,-122.36,1460,7679
"322","6116500366",2015-04-01,439000,3,1,1530,19007,1,0,0,4,8,1290,240,1949,0,98166,47.4508,-122.352,2090,20962
"323","2767600635",2015-05-07,742500,2,3,2020,5000,1,0,0,3,8,1350,670,1952,0,98117,47.6758,-122.375,1160,1118
"324","0424069271",2014-10-24,936000,7,3.75,5100,21802,2,0,0,3,10,3640,1460,2001,0,98075,47.595,-122.04,3350,10005
"325","9264910920",2014-09-03,298700,3,2.25,2110,7350,1,0,0,3,8,1530,580,1980,0,98023,47.3088,-122.341,2640,7777
"326","3052700213",2014-08-29,461100,2,2.25,1210,1267,2,0,0,3,8,1120,90,2010,0,98117,47.6783,-122.376,1360,1349
"327","4365200186",2014-06-06,253500,2,1,810,4800,1,0,0,3,7,810,0,1948,0,98126,47.5232,-122.375,1240,7740
"328","1152700120",2015-04-09,370000,4,3,2490,5706,2,0,0,3,9,2490,0,2005,0,98042,47.3509,-122.165,2650,5880
"329","2461900945",2015-04-21,438000,5,1,1950,6250,1.5,0,0,4,7,1450,500,1917,0,98136,47.5511,-122.386,1950,6250
"330","3862700020",2015-04-23,433190,3,2.5,1650,2787,2,0,0,3,8,1650,0,2014,0,98065,47.5336,-121.838,1760,2787
"331","2523069172",2014-08-04,616500,3,2.5,3580,118047,1,0,0,3,9,3240,340,1992,0,98027,47.4453,-121.98,3240,123275
"332","6798100661",2014-06-16,340000,3,2.5,1212,1174,3,0,0,3,7,1212,0,2004,0,98125,47.7145,-122.311,1256,1226
"333","3022800010",2014-07-14,447000,3,2.5,1740,3043,2,0,0,3,7,1740,0,2012,0,98011,47.744,-122.181,1920,2869
"334","8946410040",2014-09-23,430000,4,2.75,2290,5249,2,0,0,3,7,2290,0,2003,0,98059,47.4916,-122.162,2270,4348
"335","5631501202",2015-03-26,585000,4,2.5,2820,5612,2,0,0,3,9,2820,0,2007,0,98028,47.7477,-122.236,1620,14881
"336","6382500076",2014-09-10,566950,3,3,1730,1902,3,0,0,3,8,1730,0,2014,0,98117,47.6944,-122.377,1830,1804
"337","8859000045",2015-04-24,545000,4,2.75,2180,8480,1,0,3,4,7,1210,970,1959,0,98146,47.4961,-122.366,2240,8497
"338","8092501240",2014-07-01,219950,3,1.5,1620,9310,1,0,0,4,7,1620,0,1967,0,98042,47.3665,-122.107,1610,10640
"339","1139000620",2014-10-08,385000,2,1,770,7554,1,0,0,3,6,770,0,1946,0,98177,47.7057,-122.36,1390,7500
"340","4014400292",2015-01-14,465000,3,2.5,2714,17936,2,0,0,3,9,2714,0,2005,0,98001,47.3185,-122.275,2590,18386
"341","2877101100",2014-11-10,7e+05,3,1.75,2100,5000,1.5,0,0,3,8,2100,0,1916,0,98117,47.6776,-122.36,1830,4200
"342","9136103026",2015-03-05,539000,3,1.75,1380,3225,1,0,0,4,7,940,440,1915,0,98103,47.6652,-122.338,1250,3750
"343","6639900176",2014-11-14,551000,3,2.5,2010,17362,2,0,0,3,8,2010,0,1994,0,98033,47.6904,-122.176,1920,7200
"344","3211700045",2015-01-28,592000,4,2.5,2300,11165,2,0,0,4,8,2300,0,1979,0,98008,47.5794,-122.118,2170,11165
"345","3625049079",2014-08-01,1350000,3,2,2070,9600,1,0,1,3,7,1590,480,1946,0,98039,47.616,-122.239,3000,16215
"346","3630120190",2015-03-26,660000,3,2.5,2330,3995,2,0,0,3,9,2330,0,2006,0,98029,47.5542,-122.001,2330,3740
"347","0510002519",2014-07-15,466000,2,1.5,1140,1058,3,0,0,3,7,1140,0,2005,0,98103,47.6608,-122.333,1170,1116
"348","3333000775",2014-09-03,249900,3,1,1100,5000,1,0,0,3,7,1100,0,1960,0,98118,47.5433,-122.283,1020,5000
"349","3735900770",2014-10-17,775000,4,4,3180,7650,2,0,0,3,8,2530,650,1920,0,98115,47.6887,-122.319,2000,4080
"350","6762700020",2014-10-13,7700000,6,8,12050,27600,2.5,0,3,4,13,8570,3480,1910,1987,98102,47.6298,-122.323,3940,8800
"351","0323089095",2014-10-31,380000,3,1.75,1300,12378,1,0,0,4,6,1300,0,1943,0,98045,47.4996,-121.778,1300,11596
"352","1048000060",2014-06-19,543000,3,2.25,1240,949,3,0,0,3,8,1240,0,2008,0,98103,47.6488,-122.334,1310,1140
"353","2470200020",2014-05-14,1880000,4,2.75,3260,19542,1,0,0,4,10,2170,1090,1968,0,98039,47.6245,-122.236,3480,19863
"354","2572400100",2014-11-05,302000,3,1,1600,1950,2,0,0,2,7,1600,0,1906,0,98122,47.6028,-122.312,1310,1138
"355","9510900630",2014-06-17,305000,3,2.25,2110,7665,1,0,0,4,7,1360,750,1973,0,98023,47.3082,-122.372,1660,8436
"356","8950500250",2015-04-21,479900,4,2,2510,9750,1,0,0,3,8,1630,880,1960,0,98028,47.7438,-122.229,1980,9750
"357","0521079025",2015-04-17,579000,3,2.5,3160,286181,2,0,3,3,9,3160,0,2002,0,98010,47.3401,-121.946,2110,94663
"358","7972600670",2014-06-24,339000,4,2,2470,5080,1.5,0,0,3,6,1970,500,1948,1988,98106,47.5308,-122.348,1060,5080
"359","1925069183",2014-08-15,425000,3,2.5,1340,10018,1,0,0,4,7,1340,0,1976,0,98052,47.6366,-122.094,2520,13068
"360","3845100620",2014-11-25,400950,4,2.5,2578,4554,2,0,0,3,9,2578,0,2014,0,98092,47.2603,-122.194,2647,4554
"361","2726049169",2014-09-05,625000,3,1.75,1580,20588,1,0,0,3,8,1580,0,1970,0,98125,47.706,-122.29,2080,7800
"362","6402710070",2015-04-21,280000,3,2.5,1580,7918,2,0,0,3,7,1580,0,1994,0,98055,47.4431,-122.19,1650,7916
"363","5379803372",2014-11-12,495000,4,2.5,3390,7870,2,0,0,3,8,3390,0,2014,0,98188,47.4536,-122.274,1960,10069
"364","5702500050",2014-11-04,280000,1,0,600,24501,1,0,0,2,3,600,0,1950,0,98045,47.5316,-121.749,990,22549
"365","5631500905",2014-07-23,272925,2,1,1280,5728,1.5,0,0,5,6,1280,0,1941,0,98028,47.7477,-122.232,2480,9775
"366","1218000195",2015-03-03,420000,2,1,1460,7832,1,0,0,3,6,1460,0,1924,0,98166,47.4617,-122.346,1460,7632
"367","6145600955",2014-12-24,329000,4,1,1120,3844,1,0,0,3,7,1120,0,1972,0,98133,47.7038,-122.352,1480,3844
"368","6814600355",2014-06-19,618250,4,3.25,2520,3360,1.5,0,0,4,8,1550,970,1931,0,98115,47.6801,-122.315,1730,3360
"369","3223049158",2015-04-17,222200,2,1,1210,10000,1,0,0,3,7,1210,0,1953,0,98148,47.4402,-122.333,1620,10959
"370","7201900370",2015-05-05,440000,3,1,1250,8412,1,0,0,4,7,1250,0,1975,0,98052,47.7012,-122.131,1840,8976
"371","1670400090",2014-11-24,182000,3,1,1160,18055,1,0,0,2,5,1160,0,1950,0,98168,47.4772,-122.269,1340,10324
"372","7211401485",2014-06-06,285000,2,1,780,5000,1,0,0,4,6,780,0,1943,0,98146,47.5112,-122.357,1030,5000
"373","7763400035",2015-04-02,253500,3,1.5,1440,12040,1,0,0,4,7,1440,0,1959,0,98042,47.3715,-122.16,1720,12040
"374","7768700315",2014-06-30,1230000,3,1.75,2200,14630,1.5,0,1,3,8,2200,0,1948,2003,98004,47.6074,-122.213,2850,15803
"375","5127001620",2015-02-11,315000,3,1.75,1580,11455,1,0,0,4,7,1200,380,1974,0,98059,47.4756,-122.147,1550,10650
"376","6788201015",2014-06-16,690000,2,1.75,1600,4000,1,0,0,5,7,850,750,1918,0,98112,47.6408,-122.3,1860,4000
"377","5045700330",2014-07-25,460000,4,2.5,2200,6400,2,0,0,3,8,2200,0,2010,0,98059,47.4856,-122.156,2600,5870
"378","9407600070",2015-03-19,290000,3,2,1310,6265,1,0,0,3,7,1310,0,1988,0,98038,47.3893,-122.051,1100,6360
"379","3362401758",2014-09-03,467000,3,2.25,1420,990,3,0,0,3,8,1420,0,2008,0,98103,47.6801,-122.348,1350,1415
"380","3630200640",2014-10-30,759990,4,2.5,2540,5760,2,0,0,3,9,2540,0,2009,0,98029,47.5405,-121.993,2580,3600
"381","7851990230",2015-03-16,825000,4,3.5,3920,11086,2,0,0,3,10,3920,0,1999,0,98065,47.5416,-121.869,3740,10880
"382","8113101000",2014-07-22,336000,4,1,1780,4310,1.5,0,0,5,6,1780,0,1919,0,98118,47.5486,-122.278,1460,4310
"383","7135520610",2014-05-29,950000,4,3.5,4140,13392,2,0,0,3,11,4140,0,2000,0,98059,47.5261,-122.144,4140,11529
"384","8092501400",2015-03-18,209950,3,1.5,2290,9600,1,0,0,4,7,2290,0,1967,0,98042,47.3643,-122.111,1310,9600
"385","5422560660",2014-10-30,407000,2,2.5,1700,6635,2,0,0,4,8,1700,0,1976,0,98052,47.6655,-122.13,1700,6635
"386","1934800193",2015-03-06,530000,3,3.5,1550,1233,2,0,0,3,8,1160,390,2005,0,98122,47.6034,-122.309,1490,1539
"387","7853301560",2014-06-25,762000,4,3.5,4000,15253,2,0,0,3,9,4000,0,2007,0,98065,47.5433,-121.887,3550,8747
"388","2769602840",2014-10-16,450000,3,1,1360,3737,1.5,0,0,4,6,1360,0,1910,0,98107,47.6751,-122.362,1820,4500
"389","3760500475",2014-11-06,926500,4,2.75,2900,17802,1,0,2,3,9,1750,1150,1981,0,98034,47.7004,-122.229,2900,15720
"390","9521100214",2014-06-04,455000,3,1.75,1420,1189,3,0,0,3,8,1420,0,2006,0,98103,47.6625,-122.352,1380,1196
"391","8663200450",2014-07-15,490000,4,2.25,2800,10800,1,0,0,3,8,1680,1120,1977,0,98011,47.7448,-122.177,2260,9800
"392","3876820140",2014-11-10,373000,3,1,1290,8974,1,0,0,5,7,1290,0,1976,0,98072,47.74,-122.173,1540,7500
"393","3522049063",2015-04-02,639900,4,2.5,3380,75794,2,0,0,3,10,3380,0,1997,0,98001,47.3511,-122.266,3710,17913
"394","0713500020",2015-04-21,1387000,4,4.5,4490,24767,2,0,2,3,11,3800,690,1998,0,98006,47.5544,-122.147,3370,32700
"395","3578400500",2014-12-09,558000,3,2.25,2220,15757,1,0,0,3,8,1280,940,1982,0,98074,47.6212,-122.043,2020,14098
"396","9808100185",2014-10-03,1691000,4,3.5,4020,13515,2,0,0,3,11,4020,0,2001,0,98004,47.6462,-122.212,3930,13515
"397","8682230590",2015-04-26,8e+05,2,2.5,2395,6143,1,0,0,3,8,2395,0,2003,0,98053,47.7114,-122.029,2170,6162
"398","9828702336",2015-02-20,610000,2,2,1210,740,2,0,0,3,8,780,430,2014,0,98112,47.6206,-122.3,1480,1171
"399","9522100375",2014-07-15,775000,5,1.5,1720,5000,1.5,0,0,3,8,1720,0,1915,0,98103,47.6627,-122.355,1720,5000
"400","2223069120",2014-08-20,440000,4,1.75,2800,49149,1,0,0,4,7,1400,1400,1978,0,98027,47.4649,-122.034,2560,61419
"401","3751606606",2014-07-17,262500,3,1.75,2259,26831,1.5,0,3,5,7,1491,768,1908,0,98001,47.2741,-122.266,1980,15794
"402","5423030040",2015-04-06,685000,3,2.5,2520,10175,1,0,0,3,8,1630,890,1979,0,98027,47.5652,-122.089,2220,8388
"403","2201500185",2014-08-08,397500,3,1,1030,10480,1,0,0,4,7,1030,0,1954,0,98006,47.5742,-122.139,1480,12200
"404","2770604575",2015-05-06,560000,3,1.75,1930,6000,1,0,0,3,8,1130,800,1956,0,98119,47.6516,-122.375,1870,6000
"405","2155000160",2014-05-08,538000,4,1.75,1840,9600,1,0,0,3,7,1220,620,1967,0,98052,47.6579,-122.125,1770,9720
"406","1563100557",2014-10-10,445000,3,1.5,1310,1266,2,0,0,3,8,1120,190,2002,0,98116,47.5663,-122.408,1310,1378
"407","2028701165",2014-06-27,430000,2,1,1050,2570,1,0,0,5,7,850,200,1927,0,98117,47.6764,-122.366,1080,2800
"408","3221079055",2015-03-25,367000,3,2.5,2260,93218,1,0,2,4,6,2260,0,1998,0,98022,47.2582,-121.935,2180,111078
"409","6146600170",2014-07-03,1e+05,2,0.75,660,5240,1,0,0,4,4,660,0,1912,0,98032,47.3881,-122.234,850,5080
"410","2473371780",2014-09-24,359950,5,2.25,2450,9432,2,0,0,3,8,2450,0,1973,0,98058,47.4519,-122.13,2310,9100
"411","7334600280",2014-12-02,349900,2,1.75,1550,9230,1,0,0,3,6,970,580,1969,0,98045,47.4701,-121.744,1550,10856
"412","6749700117",2015-04-23,350000,3,2.25,1190,1022,3,0,0,3,8,1190,0,1998,0,98103,47.6972,-122.349,1210,1171
"413","3363900280",2015-03-11,678500,3,2.75,1210,3600,1.5,0,2,5,7,1210,0,1910,0,98103,47.6798,-122.354,1630,3910
"414","7787110510",2014-06-20,397000,4,2.5,2320,11717,2,0,0,3,8,2320,0,1997,0,98045,47.484,-121.78,2320,9714
"415","3856903515",2014-12-22,705000,3,2,1460,6250,1.5,0,0,4,7,1460,0,1912,0,98103,47.6693,-122.333,1690,4750
"416","3782760280",2014-10-02,366000,3,2.5,1790,4065,2,0,0,3,8,1790,0,2009,0,98019,47.7344,-121.965,2480,4252
"417","1832100055",2014-06-30,1510000,5,3.25,4390,11250,2,0,0,3,10,4390,0,2007,0,98040,47.5785,-122.225,2160,9249
"418","9527000090",2015-03-18,425000,3,2.25,1890,8400,1,0,0,3,8,1520,370,1977,0,98034,47.7103,-122.232,1830,7980
"419","3630240140",2015-01-23,585000,4,3,2110,1286,2,0,0,3,9,1710,400,2007,0,98029,47.5444,-122.014,2000,1286
"420","8133300050",2014-06-26,200500,3,1.75,1260,9346,1,0,0,4,7,1260,0,1963,0,98030,47.3713,-122.186,1800,9705
"421","3905030330",2014-10-08,564800,3,2.25,1990,8501,2,0,0,3,8,1990,0,1991,0,98029,47.5707,-121.996,2090,6459
"422","6052400175",2014-06-23,446000,2,1,2550,21675,1,0,1,4,7,1610,940,1958,0,98198,47.4013,-122.319,2030,10591
"423","1231000458",2014-07-20,666570,4,2,2320,7400,1.5,0,0,5,7,1620,700,1913,0,98118,47.5558,-122.269,1740,4000
"424","9406540190",2014-11-10,315000,4,2.5,1780,6000,2,0,0,3,9,1780,0,2000,0,98038,47.3774,-122.027,2650,6000
"425","3629830050",2014-10-01,620000,4,4,2850,2970,2,0,0,3,8,2120,730,1999,0,98029,47.547,-122.01,2380,3559
"426","0117000100",2015-03-19,680000,3,1.75,1660,5750,1,0,0,4,7,1080,580,1909,0,98116,47.5843,-122.385,2060,5560
"427","2112700030",2014-11-26,357000,5,2.75,1540,4000,1,0,0,3,7,1140,400,1990,0,98106,47.533,-122.354,1630,4000
"428","1524079188",2014-07-29,1862000,4,5.25,5240,320917,2,0,2,3,10,5240,0,2006,0,98024,47.5605,-121.905,1930,68824
"429","1822059440",2015-02-03,511000,4,3.5,3100,7600,2,0,0,3,10,3100,0,2005,0,98031,47.3892,-122.215,3350,7638
"430","3682000050",2014-10-13,349950,4,2.5,2632,4117,2,0,0,3,8,2632,0,2013,0,98001,47.3428,-122.278,2040,5195
"431","6751300065",2014-05-06,518000,3,1.5,1430,8000,1,0,0,4,7,1430,0,1956,0,98007,47.5874,-122.136,1450,8000
"432","6071000310",2015-01-28,622000,4,1.75,3020,10714,1,0,0,5,8,1510,1510,1958,0,98006,47.56,-122.181,2230,14400
"433","8570900162",2014-10-16,193500,2,1,950,15996,1,0,0,4,7,950,0,1946,1995,98045,47.4987,-121.787,950,25510
"434","7202260040",2014-08-01,705000,4,2.75,2780,6207,2,0,0,3,8,2780,0,2001,0,98053,47.6867,-122.038,2660,5592
"435","7527000020",2015-04-25,792000,3,2.5,2250,19270,2,0,0,3,8,2250,0,1999,0,98074,47.6569,-122.088,2940,19541
"436","3080000030",2014-05-05,398750,3,2.5,2230,4000,2,0,0,3,7,2230,0,1954,0,98144,47.5801,-122.306,1310,4000
"437","8093800200",2014-11-18,360400,3,2.5,1630,11592,2,0,0,3,8,1630,0,1987,0,98011,47.7574,-122.228,1700,8850
"438","9396700024",2014-07-31,360000,2,2.5,1233,1244,2,0,0,3,7,963,270,2007,0,98136,47.5533,-122.381,1230,1300
"439","0524059052",2014-12-09,975000,4,2.25,2420,15482,2,0,0,4,8,2420,0,1925,1997,98004,47.5907,-122.196,2870,13905
"440","5416500260",2014-09-08,285000,3,2.5,1890,3629,2,0,0,3,7,1890,0,2005,0,98038,47.3613,-122.041,1980,4000
"441","7852011040",2014-05-21,589000,4,2.5,2910,5776,2,0,2,3,8,2910,0,1998,0,98065,47.5388,-121.87,2550,6750
"442","0641900050",2015-02-06,499950,4,2.25,2160,8817,1,0,0,3,7,1460,700,1965,0,98133,47.7595,-122.356,1880,8817
"443","2921049121",2014-05-16,306500,3,2.25,2060,38377,1,0,0,4,8,1560,500,1978,0,98003,47.2752,-122.319,2080,60513
"444","1775500310",2015-01-21,455000,4,1.75,3060,94089,1,0,0,3,8,3060,0,1958,0,98072,47.744,-122.087,2180,43995
"445","1118001805",2014-07-24,1715000,4,3.75,4490,7623,2,0,0,4,10,3090,1400,1941,0,98112,47.6315,-122.29,3760,7653
"446","5249802240",2014-05-15,497000,4,2.5,2240,7200,2,0,0,3,8,2240,0,1995,0,98118,47.5636,-122.275,1860,6600
"447","1565950090",2015-03-05,308000,4,2.5,2020,7277,2,0,0,3,8,2020,0,1993,0,98055,47.4318,-122.19,2820,7284
"448","1773101159",2015-01-07,250000,3,2.25,1050,572,2,0,0,3,7,740,310,2006,0,98106,47.5549,-122.363,1260,1062
"449","7972601270",2014-05-30,369000,3,2,1550,8509,1,0,0,3,7,1150,400,1959,0,98106,47.5299,-122.344,1840,7620
"450","5196420290",2015-03-17,940000,4,2.75,3270,9231,2,0,0,3,10,3270,0,1995,0,98052,47.6539,-122.121,3380,10154
"451","3546000380",2014-09-28,259900,3,1.75,1690,7953,1,0,0,3,7,1690,0,1986,0,98030,47.3556,-122.175,1680,7425
"452","1329000090",2014-12-19,1799000,4,3.5,3930,39098,2,0,0,3,12,3930,0,1999,0,98005,47.6399,-122.158,4250,38682
"453","0641900050",2014-08-19,335000,4,2.25,2160,8817,1,0,0,3,7,1460,700,1965,0,98133,47.7595,-122.356,1880,8817
"454","1099611230",2014-09-12,199000,4,1.5,1160,6400,1,0,0,4,7,1160,0,1975,0,98023,47.3036,-122.378,1160,6400
"455","7277100640",2015-04-09,715000,3,2.5,3050,6000,1,0,3,3,8,1720,1330,1984,0,98177,47.7701,-122.389,2340,7200
"456","3331001285",2015-01-08,180000,3,1,1020,5500,1.5,0,0,3,7,1020,0,1961,0,98118,47.5502,-122.286,1160,5500
"457","0475001295",2014-06-25,750000,3,1.5,1840,5000,1.5,0,0,5,7,1340,500,1915,0,98107,47.6652,-122.362,1840,5000
"458","8805400090",2014-05-13,289000,3,1,1090,7315,1,0,0,5,6,1090,0,1981,0,98056,47.494,-122.165,1090,5800
"459","8860300300",2014-09-02,610000,4,2.75,2090,8400,1,0,0,4,8,1240,850,1976,0,98052,47.6872,-122.123,2340,9000
"460","6664900330",2015-02-23,293000,3,2.5,1990,7577,2,0,0,3,7,1990,0,1990,0,98023,47.2908,-122.351,1900,7152
"461","0952006857",2015-01-22,370000,3,2.5,1070,1219,2,0,0,3,7,720,350,2004,0,98116,47.5618,-122.384,1070,1254
"462","3520069033",2014-06-23,230000,3,1,1530,389126,1.5,0,0,4,7,1530,0,1919,0,98022,47.1776,-122.011,1768,42148
"463","2207100650",2015-04-10,499990,3,1.75,1630,8400,1,0,0,4,7,1060,570,1955,0,98007,47.5983,-122.149,1630,7245
"464","8122100835",2014-08-12,183000,2,1,670,5140,1,0,0,3,6,670,0,1926,0,98126,47.5387,-122.371,850,5140
"465","3353400120",2014-07-01,174000,2,1,900,13531,1,0,0,3,6,900,0,1979,0,98001,47.2616,-122.251,1767,8308
"466","8690800130",2014-11-04,390000,3,1.5,1650,8676,1,0,0,4,8,1130,520,1979,0,98133,47.7471,-122.352,1400,8499
"467","9550200225",2014-07-11,625000,3,1.5,1230,3060,1,0,0,3,7,910,320,1927,0,98103,47.667,-122.333,1260,4488
"468","1283800110",2014-05-06,776000,4,2.5,3040,6425,2,0,0,3,8,3040,0,2008,0,98052,47.6788,-122.117,3040,7800
"469","0798000535",2014-06-25,308000,3,1,1640,18144,1.5,0,0,3,6,1640,0,1942,0,98168,47.5027,-122.33,1500,9065
"470","1326059070",2014-07-08,390000,3,1.75,1180,16552,1,0,0,4,7,1180,0,1967,0,98072,47.7426,-122.116,2780,45302
"471","9540100025",2014-07-31,325000,3,1,1410,8250,1,0,0,3,7,1410,0,1954,0,98177,47.7621,-122.36,1580,8250
"472","6821600065",2014-10-30,478000,2,1,820,6000,1,0,0,3,7,820,0,1939,0,98199,47.6494,-122.395,1630,6000
"473","0011200290",2014-06-09,546000,3,2.5,1530,3464,2,0,0,3,8,1530,0,1998,0,98007,47.6179,-122.141,1530,3446
"474","6154900130",2014-12-02,340000,2,1,860,7102,1,0,0,3,6,860,0,1947,0,98177,47.7042,-122.369,1450,7102
"475","3142600120",2014-08-26,627000,3,2,1940,3800,1,0,0,4,7,1050,890,1927,0,98115,47.6842,-122.309,1700,3800
"476","3278600760",2014-07-29,345000,3,2.5,1360,1489,2,0,0,3,8,1360,0,2007,0,98126,47.549,-122.372,1360,1688
"477","3754501240",2015-02-06,1550000,3,4,5120,4600,3,0,2,3,11,4490,630,2008,0,98034,47.7052,-122.223,2510,5918
"478","0272000355",2014-11-08,325000,3,1.5,1310,2998,2,0,0,3,7,1310,0,1998,0,98144,47.5873,-122.299,1310,2997
"479","0522059130",2015-04-29,465000,3,1,1150,18200,1,0,0,5,7,1150,0,1959,0,98058,47.4262,-122.187,1714,18200
"480","2698200010",2015-05-13,165000,3,1,1380,7334,1,0,0,3,7,980,400,1981,0,98055,47.4339,-122.192,1910,7859
"481","1994200040",2014-06-13,538000,3,1,1460,7200,1,0,0,3,7,1260,200,1906,0,98103,47.6875,-122.336,1430,4650
"482","6159400060",2014-08-05,365000,3,1.5,1640,8301,1,0,0,3,7,1290,350,1958,0,98155,47.7443,-122.327,1640,8955
"483","9285800055",2014-10-14,619500,4,2.5,2210,5077,1.5,0,0,4,8,1480,730,1912,0,98126,47.5719,-122.377,1740,5000
"484","4222200210",2014-05-22,245000,4,2,1580,8000,1,0,0,3,7,1040,540,1967,0,98003,47.3467,-122.304,1550,8000
"485","1796360470",2014-06-17,247200,3,1.75,1370,8719,1,0,0,3,7,1370,0,1982,0,98042,47.3664,-122.087,1370,7525
"486","8146100370",2014-09-04,735000,4,1.75,2100,7960,1,0,0,3,8,1340,760,1955,0,98004,47.6079,-122.195,2060,7960
"487","2156500220",2014-09-23,555000,4,2.75,2170,7140,1,0,0,3,8,1290,880,1977,0,98052,47.691,-122.113,2120,7820
"488","2621600015",2015-04-30,175000,3,1,1150,8924,1,0,0,3,6,1150,0,1943,0,98030,47.3865,-122.217,1492,8924
"489","8069000216",2014-07-22,356200,3,2,1690,10062,1,0,2,5,7,940,750,1928,0,98178,47.5102,-122.241,2390,6650
"490","3204300090",2014-11-10,640000,3,1,1210,3720,2,0,0,4,8,1210,0,1930,0,98112,47.6317,-122.301,1560,6000
"491","2221000100",2014-05-07,310000,3,1.75,1840,10723,1,0,0,4,7,1220,620,1974,0,98058,47.429,-122.154,1590,9820
"492","2946001675",2014-06-03,234000,2,1,940,5375,1,0,0,4,5,940,0,1952,0,98198,47.4206,-122.324,1200,7500
"493","7937600380",2015-02-17,435000,4,2,1960,50112,1,0,0,4,7,1050,910,1963,0,98058,47.4353,-122.084,2340,44967
"494","1446401190",2015-03-17,175000,2,1,620,6600,1,0,0,3,6,620,0,1963,0,98168,47.4862,-122.33,1050,6600
"495","4046500140",2015-02-09,315000,3,1.75,1410,15134,1,0,0,3,7,1410,0,1980,0,98014,47.6931,-121.921,1770,15337
"496","5727500561",2015-04-14,255544,3,1,1360,6186,1.5,0,0,4,6,760,600,1941,0,98133,47.7503,-122.334,1610,7453
"497","7875200005",2015-01-15,140000,3,1,1000,10560,1,0,0,3,7,1000,0,1955,0,98003,47.3217,-122.317,1190,9375
"498","6804600240",2015-02-11,417000,3,1.75,1920,9512,1,0,0,3,8,1440,480,1980,0,98011,47.7606,-122.167,1820,9512
"499","9310300175",2015-03-04,225000,3,1,1490,15850,1,0,0,3,7,1490,0,1946,0,98133,47.7411,-122.347,1950,13228
"500","2767704302",2015-04-10,422250,2,1.5,1280,1256,2,0,0,3,8,1200,80,1998,0,98107,47.6741,-122.375,1390,1256
